<?xml version="1.0"?>
<mime-info xmlns='http://zester.github.com/Chipara/shared-mime-info'>

	<!-- Html File -->
	<mime-type value="text/html">
		<summary>Html Document</summary>
    	<description>HyperText Markup Language Document</description>
		<icon value="text-html"/>
    	<pattern value="html, htm"/>
		<application value=""/>
	</mime-type>

	<!-- Text File -->
	<mime-type value="text/plain">
		<summary>Text Document</summary>
    	<description>Plain Text Document</description>
		<icon value="text-x-generic"/>
    	<pattern value="txt"/>
		<application value=""/>
	</mime-type>

	<!-- PDF File -->
	<mime-type value="application/pdf">
		<summary>PDF Document</summary>
    	<description>Portable Document Format</description>
		<icon value="application-pdf"/>
    	<pattern value="pdf"/>
		<application value=""/>
	</mime-type>

	<!-- Shell Script -->
	<mime-type value="application/x-shellscript">
		<summary>Shell Script</summary>
    	<description></description>
		<icon value="text-x-script"/>
    	<pattern value="sh"/>
		<application value=""/>
	</mime-type>


</mime-info>
